component,m,sigma,epsilon,netac,Tc,Pc,Zc,c1,c2,Reference
Methane,1.051,3.643,146.016,0.141,190.564,4.599,0.286,-0.259840,1.848050,(Shi and Li, 2023)
Ethane,1.703,3.505,183.677,0.133,305.322,4.872,0.280,0.057500,1.118460,(Shi and Li, 2023)
Propane,2.121,3.627,199.460,0.132,369.890,4.251,0.277,0.056810,0.669250,(Shi and Li, 2023)
Butane,2.492,3.733,212.368,0.130,425.125,3.796,0.274,0.048290,0.455460,(Shi and Li, 2023)
Pentane,2.904,3.805,218.979,0.129,469.700,3.368,0.269,0.046620,0.379430,(Shi and Li, 2023)
Hexane,3.313,3.852,223.812,0.127,507.820,3.044,0.266,0.045600,0.350020,(Shi and Li, 2023)
Heptane,3.726,3.902,227.084,0.125,540.200,2.736,0.261,0.044220,0.326610,(Shi and Li, 2023)
Octane,4.128,3.943,229.870,0.123,568.740,2.484,0.259,0.053050,0.354890,(Shi and Li, 2023)
Nonane,4.517,3.976,232.540,0.121,594.550,2.281,0.255,0.040190,0.293840,(Shi and Li, 2023)
Decane,4.896,4.008,234.891,0.119,617.700,2.103,0.250,0.053100,0.382980,(Shi and Li, 2023)
Undecane,5.129,4.080,239.194,0.130,638.810,1.993,0.254,-0.025080,-0.000004,(Shi, 2024)
Dodecane,5.630,4.062,238.987,0.116,658.100,1.817,0.250,0.049030,0.325960,(Shi and Li, 2023)
Tridecane,5.844,4.141,242.269,0.117,675.890,1.670,0.240,0.041010,0.263542,(Shi, 2024)
Tetradecane,6.056,4.210,246.012,0.118,692.500,1.570,0.237,0.025193,0.189145,(Shi, 2024)
Pentadecane,6.417,4.221,247.010,0.117,706.900,1.440,0.230,0.031035,0.214852,(Shi, 2024)
Hexadecane,7.068,4.078,245.032,0.110,722.240,1.430,0.239,0.048320,0.384360,(Shi, 2024)
Heptadecane,7.119,4.228,249.246,0.112,735.710,1.320,0.235,0.045262,0.286711,(Shi, 2024)
Octadecane,7.474,4.236,249.618,0.114,747.600,1.240,0.228,-0.029161,0.046939,(Shi, 2024)
Nonadecane,7.824,4.240,250.213,0.112,755.700,1.160,0.224,0.019544,0.181520,(Shi, 2024)
Eicosane,8.295,4.208,249.693,0.108,768.200,1.077,0.221,0.039302,0.243975,(Shi, 2024)
Isobutane,2.385,3.794,207.923,0.131,407.810,3.629,0.276,0.051410,0.500930,(Shi and Li, 2023)
Isopentane,2.716,3.867,221.087,0.129,460.350,3.378,0.270,0.050600,0.490170,(Shi and Li, 2023)
Neopentane,2.489,3.981,216.770,0.130,433.740,3.196,0.271,0.079670,0.792960,(Shi and Li, 2023)
2-Methylpentane,3.050,3.906,230.947,0.128,497.700,3.043,0.271,0.097270,0.890270,(Shi, 2024)
2.3-Dimethylbutane,2.891,3.977,233.845,0.129,500.160,3.133,0.271,0.034260,0.345100,(Shi, 2024)
3-Methylpentane,3.058,3.925,230.038,0.128,504.560,3.123,0.275,0.037980,0.284760,(Shi, 2024)
2,3-Dimethylpentane,3.262,4.007,238.337,0.126,537.470,2.910,0.257,0.047527,0.535452,(Shi, 2024)
2,2,3,3-Tetramethylbutane,2.862,4.299,266.514,0.126,565.000,2.860,0.287,0.149806,0.959872,(Shi, 2024)
2,2,4-Trimethylpentane,3.318,4.168,239.547,0.126,543.910,2.568,0.267,0.044717,0.418700,(Shi, 2024)
2,3,3-Trimethylpentane,3.215,4.160,255.969,0.127,573.520,2.820,0.269,0.033738,0.350461,(Shi, 2024)
4-Methylheptane,3.847,4.003,233.198,0.123,561.700,2.541,0.260,0.043054,0.345563,(Shi, 2024)
4-Methylnonane,4.601,4.054,237.025,0.117,596.000,2.060,0.250,0.099969,0.984977,(Shi, 2024)
4-Methyloctane,4.183,4.045,236.356,0.121,574.800,2.400,0.267,0.084779,0.767177,(Shi, 2024)
5-Methylnonane,4.529,4.079,238.349,0.117,603.900,2.200,0.264,0.091615,0.824394,(Shi, 2024)
3-Methyloctane,4.178,4.053,237.459,0.120,592.700,2.400,0.263,0.056435,0.469808,(Shi, 2024)
3-Methylnonane,4.600,4.061,238.213,0.117,614.200,2.200,0.259,0.063857,0.553127,(Shi, 2024)
3-Methylhexane,3.451,3.966,231.984,0.125,535.360,2.801,0.257,0.043417,0.431043,(Shi, 2024)
3-Methylheptane,3.860,3.997,233.685,0.123,563.680,2.543,0.253,0.046239,0.426438,(Shi, 2024)
3-Methyl-3-ethylpentane,3.330,4.119,253.563,0.126,576.540,2.773,0.265,0.036576,0.356465,(Shi, 2024)
3,4-Dimethylhexane,3.590,4.047,242.649,0.125,568.810,2.692,0.265,0.034597,0.307658,(Shi, 2024)
3,3-Dimethylpentane,3.040,4.090,245.166,0.128,536.370,2.939,0.273,0.057520,0.484908,(Shi, 2024)
3,3-Dimethylhexane,3.449,4.112,243.642,0.126,561.980,2.655,0.252,0.036575,0.440465,(Shi, 2024)
3,3-Diethylpentane,3.590,4.151,260.255,0.114,608.600,2.590,0.266,0.086363,1.212997,(Shi, 2024)
3,3,5-Trimethylheptane,3.958,4.194,250.293,0.122,609.510,2.317,0.267,0.050715,0.371707,(Shi, 2024)
Cyclopropane,1.957,3.491,223.481,0.132,398.300,5.580,0.274,0.098040,0.814100,(Shi and Li, 2023)
Cyclobutane,2.398,3.547,233.905,0.118,460.000,4.840,0.295,0.119190,1.682940,(Shi, 2024)
Cyclopentane,2.501,3.724,255.167,0.130,511.690,4.510,0.278,0.057030,0.531880,(Shi, 2024)
Cyclohexane,2.625,3.908,270.027,0.130,553.600,4.081,0.275,0.062740,0.496450,(Shi and Li, 2023)
Methylcyclopentane,2.737,3.896,254.973,0.128,532.784,3.780,0.275,0.053938,0.451822,(Shi, 2024)
Ethylcyclopentane,3.057,3.971,259.660,0.127,569.483,3.400,0.271,0.053794,0.421331,(Shi, 2024)
Methylcyclohexane,2.793,4.076,271.347,0.129,572.196,3.500,0.271,0.053520,0.456346,(Shi, 2024)
1,1-Dimethylcyclohexane,2.766,4.375,281.599,0.136,598.000,3.460,0.298,0.011836,0.127245,(Shi, 2024)
cis-1,2-Dimethylcyclohexane,2.765,4.412,288.789,0.140,605.600,3.205,0.271,0.006643,0.078498,(Shi, 2024)
trans-1,2-Dimethylcyclohexane,2.807,4.364,282.127,0.136,596.100,3.120,0.274,0.011779,0.101337,(Shi, 2024)
Ethylcyclohexane,2.866,4.314,285.628,0.127,606.900,3.290,0.284,0.091728,0.683106,(Shi, 2024)
Propylcyclohexane,2.975,4.442,294.860,0.126,630.800,2.870,0.266,0.083893,0.686405,(Shi, 2024)
Ethylene,1.654,3.410,172.389,0.133,282.350,5.042,0.281,0.067230,1.299700,(Shi and Li, 2023)
Propylene,2.090,3.545,197.841,0.132,364.211,4.555,0.276,0.061730,0.666140,(Shi and Li, 2023)
Butene,2.448,3.673,211.199,0.131,419.290,4.010,0.271,0.058510,0.542750,(Shi, 2024)
Cis-butene,2.547,3.604,215.481,0.130,435.750,4.236,0.276,0.048080,0.378270,(Shi, 2024)
Isobutene,2.455,3.664,210.299,0.130,418.090,4.020,0.277,0.046840,0.395290,(Shi, 2024)
(E)-2-Butene,2.650,3.570,208.125,0.130,428.610,4.019,0.268,0.050540,0.419410,(Shi, 2024)
1-Pentene,2.802,3.770,220.139,0.126,464.740,3.547,0.276,0.055539,0.468129,(Shi, 2024)
Cyclohexene,2.610,3.849,274.055,0.132,560.451,4.420,0.272,-0.026745,0.111431,(Shi, 2024)
1-Hexene,3.174,3.834,226.151,0.127,504.070,3.210,0.266,0.030814,0.303615,(Shi, 2024)
1-Heptene,3.630,3.848,228.247,0.125,537.470,2.852,0.257,0.004444,0.199282,(Shi, 2024)
1-Octene,4.017,3.888,231.485,0.123,566.583,2.676,0.263,0.043354,0.355639,(Shi, 2024)
1-Nonene,4.373,3.940,234.685,0.120,593.700,2.378,0.255,0.050896,0.398342,(Shi, 2024)
1-Decene,4.725,3.988,237.365,0.118,616.000,2.157,0.250,0.055829,0.430102,(Shi, 2024)
2-Methyl-1-butene,2.778,3.823,221.097,0.128,467.000,3.650,0.277,0.054155,0.408021,(Shi, 2024)
2-Methyl-2-butene,3.189,3.661,210.478,0.124,470.400,3.420,0.261,0.061667,0.463274,(Shi, 2024)
1-Methylcyclopentene,2.760,3.797,258.436,0.129,544.000,4.400,0.296,-0.086153,0.000014,(Shi, 2024)
3-Methylcyclopentene,2.743,3.767,251.496,0.129,537.000,4.200,0.285,-0.101478,0.000010,(Shi, 2024)
1,2-Butadiene,2.254,3.766,236.736,0.132,456.500,4.850,0.279,0.057567,0.443729,(Shi, 2024)
1,3-Butadiene,2.477,3.582,212.899,0.129,425.100,4.270,0.269,0.058129,0.493584,(Shi, 2024)
3-Methyl-1,2-butadiene,2.419,3.943,248.200,0.142,496.000,4.746,0.307,0.010198,0.115759,(Shi, 2024)
4-Methyl-1-hexene,3.309,3.920,235.470,0.124,528.200,2.880,0.266,0.087373,0.836144,(Shi, 2024)
4-Methyl-1-pentene,2.815,3.977,234.431,0.126,493.100,3.180,0.274,0.070797,0.663884,(Shi, 2024)
4-Methyl-cis-2-pentene,2.856,3.965,234.354,0.127,496.300,3.360,0.285,0.081655,0.703983,(Shi, 2024)
4-Methylcyclopentene,2.791,3.747,250.052,0.128,539.000,4.300,0.293,-0.023302,0.129434,(Shi, 2024)
4-Methyl-trans-2-pentene,2.942,3.929,232.262,0.126,496.600,3.380,0.288,0.091754,0.831166,(Shi, 2024)
5-Methyl-1-hexene,3.372,3.954,231.020,0.123,528.700,2.860,0.267,0.061957,0.547527,(Shi, 2024)
6-Methyl-1-heptene,3.727,4.011,234.531,0.121,556.500,2.580,0.260,0.153104,1.354052,(Shi, 2024)
3-Methyl-trans-2-pentene,2.999,3.955,237.668,0.127,507.000,3.520,0.289,0.100845,0.776010,(Shi, 2024)
3-Methyl-cis-2-pentene,2.967,3.925,237.872,0.127,516.000,3.620,0.291,0.063617,0.479925,(Shi, 2024)
3-Methyl-1-pentene,3.010,3.853,227.207,0.123,490.000,3.360,0.296,0.088909,0.926989,(Shi, 2024)
3-Methyl-1-hexene,3.335,3.934,232.071,0.121,523.900,2.820,0.269,0.077669,0.727073,(Shi, 2024)
3-Methyl-1-butene,2.590,3.853,222.152,0.130,452.690,3.510,0.284,-0.032588,0.053410,(Shi, 2024)
3-Methyl-1,4-pentadiene,2.877,3.845,232.676,0.117,487.300,3.200,0.281,0.104484,1.417380,(Shi, 2024)
3-Ethyl-1-pentene,3.305,3.917,233.833,0.123,524.100,2.820,0.265,0.081847,0.786683,(Shi, 2024)
3-Ethyl-1-hexene,3.763,3.985,231.947,0.121,552.600,2.540,0.258,0.066785,0.568701,(Shi, 2024)
3,3-Dimethyl-1-butene,2.734,3.946,229.837,0.125,477.400,2.920,0.254,0.085551,1.567290,(Shi, 2024)
1-Propyne,2.604,3.165,196.989,0.132,402.700,5.658,0.272,0.076750,0.398540,(Shi, 2024)
1-Butyne,2.878,3.367,205.959,0.129,460.200,6.560,0.354,0.020090,0.447620,(Shi, 2024)
2-Butyne,2.812,3.412,223.756,0.134,489.100,5.000,0.260,-0.032000,0.048350,(Shi, 2024)
1-Pentyne,3.212,3.445,214.855,0.126,498.400,4.240,0.284,-0.067243,0.000035,(Shi, 2024)
2-Pentyne,2.325,4.006,267.832,0.133,545.000,4.350,0.259,0.012956,0.188023,(Shi, 2024)
1-Hexyne,3.547,3.565,221.268,0.120,533.500,4.340,0.327,0.041010,0.263542,(Shi, 2024)
1-Heptyne,3.903,3.650,225.821,0.122,564.000,3.900,0.325,-0.015070,0.149234,(Shi, 2024)
1-Octyne,4.266,3.717,229.202,0.121,590.700,3.360,0.303,-0.001945,0.193846,(Shi, 2024)
1-Nonyne,4.648,3.766,231.542,0.118,614.300,3.032,0.299,0.011863,0.261044,(Shi, 2024)
1-Decyne,5.028,3.815,233.588,0.116,630.700,2.430,0.261,0.038224,0.365971,(Shi, 2024)
Vinyl,acetylene,1.805,3.925,265.221,0.119,448.000,5.000,0.306,0.095839,0.926383,(Shi, 2024)
2-Methyl-1-butene-3-yne,2.034,4.007,270.835,0.129,477.000,4.200,0.270,0.125964,2.076773,(Shi, 2024)
3-Methyl-1-butyne,3.354,3.341,203.127,0.125,488.000,4.100,0.278,-0.097621,0.000045,(Shi, 2024)
2-Ethylnaphthalene,4.250,3.978,308.287,0.122,766.00,2.800,0.229,0.049386,0.328392,(Shi, 2024)
Benzene,2.636,3.688,273.586,0.130,562.020,4.907,0.269,0.070020,0.534430,(Shi and Li, 2023)
Toluene,3.026,3.785,270.979,0.128,591.750,4.126,0.265,0.051260,0.387180,(Shi and Li, 2023)
Ethylbenzene,3.353,3.862,270.661,0.126,617.120,3.616,0.263,0.040910,0.303630,(Shi, 2024)
m-Xylene,3.495,3.835,266.007,0.126,616.850,3.540,0.279,-0.002620,0.049830,(Shi, 2024)
o-Xylene,3.386,3.835,275.311,0.126,630.430,3.746,0.265,0.045940,0.317770,(Shi, 2024)
p-Xylene,3.470,3.844,266.461,0.126,616.190,3.524,0.260,0.050800,0.334680,(Shi, 2024)
Naphthalene,3.306,3.988,330.132,0.126,748.330,4.039,0.265,0.053720,0.312570,(Shi, 2024)
Biphenyl,4.103,3.950,313.153,0.123,772.200,3.478,0.270,0.002920,0.142640,(Shi, 2024)
Anthracene,4.767,4.084,335.032,0.121,876.000,2.130,0.160,0.045980,0.274320,(Shi, 2024)
Styrene,3.268,3.862,281.925,0.125,635.200,3.880,0.262,-0.074664,0.000007,(Shi, 2024)
alpha-Methylstyrene,3.471,3.987,282.815,0.124,660.000,3.946,0.291,0.065118,0.475221,(Shi, 2024)
Cumene,3.505,3.985,271.766,0.129,631.200,3.190,0.257,0.020232,0.185515,(Shi, 2024)
Propylbenzene,3.639,3.949,270.843,0.125,638.290,3.201,0.266,0.033628,0.232734,(Shi, 2024)
1,2,3-Trimethylbenzene,3.814,3.834,276.786,0.122,664.700,3.450,0.264,0.058055,0.459959,(Shi, 2024)
1,2,4-Trimethylbenzene,3.911,3.853,267.782,0.122,649.120,3.260,0.264,0.053046,0.366781,(Shi, 2024)
1,2,3,4-Tetrahydronaphthalene,3.567,3.964,307.929,0.119,720.300,3.520,0.253,0.072440,0.754268,(Shi, 2024)
Butylbenzene,4.033,3.975,269.303,0.123,660.480,2.887,0.261,0.044287,0.297396,(Shi, 2024)
Phenanthrene,4.646,4.119,336.496,0.121,866.000,2.460,0.188,0.036688,0.239656,(Shi, 2024)
4-Ethyl-m-xylene,4.191,3.931,267.271,0.121,663.000,2.840,0.251,0.059088,0.424125,(Shi, 2024)
4-Ethyl-o-xylene,4.170,3.942,268.569,0.123,665.000,2.880,0.255,0.052467,0.347646,(Shi, 2024)
5-Ethyl-m-xylene,4.215,3.963,262.701,0.120,655.000,2.820,0.255,0.063741,0.481540,(Shi, 2024)
3-Ethyl-o-xylene,3.779,4.119,284.264,0.131,676.000,2.930,0.250,0.029895,0.159645,(Shi, 2024)
2-Ethyl-p-xylene,4.171,3.934,266.947,0.121,661.000,2.840,0.251,0.057719,0.409540,(Shi, 2024)
2-Ethyl-m-xylene,4.132,3.902,271.100,0.123,671.000,2.910,0.250,0.041002,0.278264,(Shi, 2024)
Butanone,3.474,3.475,231.486,0.122,536.450,4.172,0.256,0.049520,0.309760,(Shi, 2024)
3-Pentanone,3.643,3.590,237.909,0.125,561.420,3.730,0.269,-0.016930,0.045560,(Shi, 2024)
2-Pentanone,3.631,3.609,238.285,0.116,561.040,3.710,0.259,0.075670,0.708620,(Shi, 2024)
3-Methyl-2-butanone,3.454,3.626,239.779,0.121,553.100,3.850,0.271,0.054520,0.409060,(Shi, 2024)
Acetone,3.342,3.323,223.197,0.124,508.100,4.690,0.236,0.067398,0.477443,(Shi, 2024)
Quinone,4.839,2.942,260.770,0.124,702.000,5.200,0.246,0.222886,0.000019,(Shi, 2024)
2-Hexanone,3.958,3.689,241.311,0.124,586.740,3.340,0.258,0.051821,0.346363,(Shi, 2024)
3-Hexanone,3.922,3.680,240.183,0.124,583.080,3.323,0.259,0.042173,0.281612,(Shi, 2024)
3-Heptanone,4.140,3.812,244.911,0.123,606.600,3.037,0.260,0.054010,0.362412,(Shi, 2024)
2-Heptanone,4.231,3.782,244.865,0.121,611.420,2.976,0.256,0.058939,0.395715,(Shi, 2024)
2-Octanone,4.519,3.865,247.423,0.121,632.700,2.700,0.255,0.050471,0.341757,(Shi, 2024)
4-Heptanone,4.175,3.790,242.291,0.122,602.000,2.981,0.259,0.051051,0.343286,(Shi, 2024)
5-Nonanone,4.994,3.894,241.733,0.119,641.400,2.330,0.245,0.049944,0.318252,(Shi, 2024)
3-Methyl-2-pentanone,3.990,3.635,234.593,0.122,580.600,3.410,0.262,0.033760,0.287737,(Shi, 2024)
Oxygen,1.149,3.180,113.460,0.135,154.600,5.046,0.294,-0.949160,0.293520,(Shi, 2024)
Fluorine,1.395,2.868,95.980,0.140,144.400,5.240,0.280,-0.874270,0.124570,(Shi, 2024)
Argon,0.953,3.441,120.823,0.145,150.690,4.863,0.290,-0.864180,1.468730,(Shi, 2024)
Chlorine,1.516,3.474,266.255,0.128,416.870,7.980,0.300,0.211930,4.911580,(Shi, 2024)
Hydrogen sulfide,1.709,3.056,224.326,0.134,373.100,8.999,0.285,0.109660,1.780490,(Shi, 2024)
Carbon disulfide,1.834,3.543,319.894,0.126,552.200,8.430,0.309,0.055020,3.170760,(Shi, 2024)
Carbon monoxide,1.379,3.194,89.009,0.135,132.860,3.494,0.292,-1.040110,0.193910,(Shi and Li, 2023)
Nitrogen,1.270,3.266,88.136,0.136,126.192,3.396,0.289,-0.945380,0.545410,(Shi and Li, 2023)
Carbon dioxide,2.668,2.612,147.234,0.130,304.130,7.377,0.275,0.079860,0.514610,(Shi and Li, 2023)
Sulfur dioxide,2.971,2.762,198.787,0.128,430.640,7.887,0.273,0.083090,0.396230,(Shi and Li, 2023)
Carbonyl,sulfide,1.730,3.426,226.049,0.133,378.770,6.370,0.273,0.115590,1.596030,(Shi and Li, 2023)
Hydrogen,chloride,1.992,2.838,180.549,0.124,324.667,8.260,0.264,0.118759,1.278517,(Shi, 2024)
Nitrous,oxide,2.063,2.889,169.221,0.132,309.521,7.245,0.274,0.099463,0.820140,(Shi, 2024)
Ozone,2.607,2.748,127.707,0.119,261.090,5.680,0.254,0.161685,1.639488,(Shi, 2024)
Diethyl ether,3.143,3.597,210.302,0.128,466.750,3.649,0.263,0.051370,0.401550,(Shi, 2024)
Dipropyl ether,3.832,3.710,220.622,0.119,530.800,2.920,0.264,0.055180,0.564670,(Shi, 2024)
Methylisobutyl ether,3.352,3.667,218.011,0.122,505.000,3.300,0.268,0.027683,0.364595,(Shi, 2024)
Ethyl isopropyl,ether,3.335,3.654,214.952,0.122,488.400,3.240,0.272,0.059305,0.669674,(Shi, 2024)
Diisopropyl ether,3.594,3.788,213.216,0.122,500.170,2.830,0.270,0.057106,0.565057,(Shi, 2024)
Dinbutyl ether,4.461,3.873,229.477,0.113,584.060,2.350,0.252,0.060659,0.653601,(Shi, 2024)
Methyl ethanoate,3.536,3.240,217.413,0.125,506.510,4.740,0.258,0.062690,0.386500,(Shi, 2024)
Ethyl ethanoate,3.813,3.406,217.997,0.123,523.260,3.887,0.258,0.051150,0.341480,(Shi, 2024)
Vinyl acetate,3.694,3.415,218.966,0.125,519.190,4.174,0.259,0.056251,0.371945,(Shi, 2024)
Methyl propionate,3.657,3.440,224.702,0.122,530.610,4.010,0.262,0.048837,0.359751,(Shi, 2024)
Ethyl propionate,4.035,3.547,222.581,0.123,546.700,3.369,0.255,0.053452,0.342499,(Shi, 2024)
Propyl acetate,3.992,3.570,225.022,0.122,549.691,3.379,0.257,0.051756,0.346891,(Shi, 2024)
Butyl acetate,4.395,3.592,227.280,0.117,575.440,3.160,0.266,0.061051,0.540017,(Shi, 2024)
Methyl benzoate,4.244,3.685,277.244,0.132,702.000,3.843,0.264,-0.037089,-0.000003,(Shi, 2024)
2-Propenal,3.446,3.214,219.447,0.131,528.000,6.400,0.275,0.038770,0.267830,(Shi, 2024)
Methanethiol,2.195,3.253,249.283,0.121,469.870,7.230,0.291,0.073400,0.830010,(Shi, 2024)
Ethanethiol,2.421,3.517,252.718,0.131,498.740,5.510,0.275,0.045330,0.364010,(Shi, 2024)
2-Thiapropane,2.471,3.493,252.275,0.129,502.400,5.390,0.262,0.041860,0.411580,(Shi, 2024)
2-Propanethiol,2.621,3.633,252.321,0.125,512.600,4.520,0.279,0.107280,1.924390,(Shi, 2024)
1-Propanethiol,2.760,3.643,255.862,0.115,536.600,4.590,0.295,0.075830,0.773700,(Shi, 2024)
3-Thiapentane,3.213,3.680,248.742,0.124,557.480,4.030,0.284,0.038790,0.300930,(Shi, 2024)
2,3-Dithiabutane,2.561,3.728,303.385,0.124,607.800,5.070,0.266,0.104570,1.475740,(Shi, 2024)
Butyl mercaptan,3.067,3.768,259.576,0.129,570.100,3.997,0.274,0.024478,0.168589,(Shi, 2024)
sec-Butyl mercaptan,2.906,3.777,258.219,0.125,549.400,3.803,0.264,0.087554,0.946066,(Shi, 2024)
Pentyl mercaptan,3.453,3.835,259.137,0.121,599.700,3.530,0.264,0.064396,0.597255,(Shi, 2024)
Benzenethiol,3.000,3.813,316.691,0.127,694.000,5.140,0.284,0.055686,0.433725,(Shi, 2024)
Cyclohexyl mercaptan,3.011,3.991,304.744,0.120,672.000,4.278,0.289,0.065189,0.758161,(Shi, 2024)
Hexyl mercaptan,3.827,3.894,259.178,0.118,625.000,3.119,0.261,0.070373,0.656760,(Shi, 2024)
Benzyl mercaptan,3.389,3.895,313.509,0.123,703.000,3.682,0.238,0.089901,0.777510,(Shi, 2024)
Heptyl mercaptan,4.260,3.917,257.680,0.115,647.500,2.777,0.255,0.071114,0.687022,(Shi, 2024)
Octyl mercaptan,4.478,4.010,261.810,0.113,666.800,2.470,0.248,0.079361,0.794888,(Shi, 2024)
Nonyl mercaptan,5.094,3.949,255.496,0.109,685.000,2.289,0.249,0.053569,0.589905,(Shi, 2024)
Decyl mercaptan,5.597,3.934,253.226,0.117,699.000,2.300,0.245,0.048929,0.317078,(Shi, 2024)
Fluoromethane,2.474,2.935,159.080,0.137,317.280,5.906,0.241,0.051030,0.253220,(Shi, 2024)
Chloromethane,2.140,3.235,223.511,0.136,416.236,6.714,0.265,0.028990,0.227650,(Shi, 2024)
Difluoromethane,3.112,2.814,158.941,0.128,351.255,5.783,0.243,0.062870,0.338380,(Shi, 2024)
1,1-Difluoroethane,3.096,3.159,175.251,0.127,386.410,4.517,0.252,0.060820,0.381030,(Shi, 2024)
Trifluoromethane,3.011,2.868,137.230,0.127,299.293,4.832,0.258,0.106390,0.541140,(Shi, 2024)
1,1,1-Trifluoroethane,2.990,3.277,159.225,0.128,345.857,3.762,0.255,0.069820,0.413600,(Shi, 2024)
Dichloromethane,2.504,3.384,254.168,0.132,507.960,6.360,0.275,0.118680,0.601080,(Shi, 2024)
Tetrafluoromethane,2.354,3.105,116.720,0.133,227.396,3.762,0.279,-0.344280,0.000120,(Shi, 2024)
Bromomethane,2.159,3.304,248.113,0.138,454.000,5.620,0.217,0.821090,3.608900,(Shi, 2024)
1,1,1,2-Tetrafluoroethane,3.501,3.098,161.233,0.125,374.210,4.059,0.260,0.085380,0.464020,(Shi, 2024)
Trichloromethane,2.684,3.479,259.011,0.129,536.100,5.600,0.302,0.045930,0.000030,(Shi, 2024)
Dichlorodifluoromethane,2.359,3.580,197.271,0.133,385.120,4.136,0.277,-0.142600,0.152830,(Shi, 2024)
1,1,2-Trichloroethane,2.972,3.728,277.847,0.125,609.000,5.341,0.305,0.050816,0.360688,(Shi, 2024)
1,2-Dibromoethane,2.567,3.767,320.370,0.125,649.000,5.610,0.284,1.234484,4.625134,(Shi, 2024)
1,1-Dichloroethane,2.777,3.497,248.710,0.130,523.360,5.034,0.276,0.220710,1.439670,(Shi, 2024)
1,2-Dichloroethane,3.186,3.344,251.612,0.121,561.420,5.490,0.273,0.067100,0.442700,(Shi, 2024)
Chloroethane,2.427,3.467,232.784,0.127,460.350,5.260,0.272,0.068700,0.486500,(Shi, 2024)
1,1-Dichloropropane,2.924,3.728,260.309,0.128,559.000,4.290,0.269,0.036700,0.397200,(Shi, 2024)
1,2-Dichloropropane,2.951,3.742,264.825,0.130,577.300,4.496,0.269,0.037700,0.372200,(Shi, 2024)
1-Chloropropane,2.631,3.681,245.156,0.119,503.260,4.560,0.289,0.069638,0.630368,(Shi, 2024)
2-Chloropropane,2.504,3.678,243.726,0.133,482.400,4.248,0.256,0.049812,0.481401,(Shi, 2024)
m-Dichlorobenzene,3.126,3.944,308.879,0.122,685.700,4.260,0.273,0.082041,0.592352,(Shi, 2024)
p-Dichlorobenzene,3.171,3.925,307.410,0.123,669.200,3.543,0.231,0.107761,0.921315,(Shi, 2024)
Bromobenzene,2.906,3.883,312.362,0.128,670.900,5.060,0.294,0.080790,0.482545,(Shi, 2024)
Chlorobenzene,2.900,3.811,294.989,0.128,632.570,4.510,0.264,0.045339,0.346097,(Shi, 2024)
Furan,2.527,3.442,243.275,0.130,490.210,5.360,0.287,-0.012850,0.000180,(Shi, 2024)
Tetrahydrofuran,2.710,3.537,259.662,0.130,540.000,5.310,0.264,0.028200,0.363610,(Shi, 2024)
Thiophene,2.492,3.616,289.410,0.126,579.430,5.730,0.270,0.077290,0.901680,(Shi, 2024)
1,4-Dioxane,3.129,3.451,265.016,0.121,587.150,5.190,0.267,0.096560,1.039930,(Shi, 2024)
Tetrahydrothiophene,2.512,3.835,314.532,0.122,632.040,5.500,0.278,0.096180,1.145660,(Shi, 2024)
3-Methylthiophene,2.821,3.706,289.470,0.123,610.000,4.840,0.276,0.087669,1.041972,(Shi, 2024)
R32,3.020,2.845,160.998,0.128,351.255,5.782,0.243,0.063250,0.345540,(Shi and Li, 2023)
R23,2.956,2.885,138.460,0.128,299.293,4.832,0.258,0.103520,0.500670,(Shi and Li, 2023)
R143a,2.973,3.285,159.602,0.128,345.857,3.761,0.255,0.070310,0.417480
R125,3.378,3.157,148.305,0.126,339.173,3.618,0.268,0.011390,0.324500,(Shi and Li, 2023)
R236fa,3.992,3.259,162.927,0.123,398.070,3.200,0.267,0.017290,0.315070,(Shi, 2024)
R236ea,3.891,3.257,170.480,0.124,412.440,3.420,0.268,-0.033590,0.224330,(Shi, 2024)
R134a,3.536,3.086,160.601,0.125,374.210,4.059,0.260,0.078920,0.433700,(Shi and Li, 2023)
R152a,3.056,3.175,176.207,0.128,386.411,4.517,0.252,0.059870,0.369460,(Shi, 2024)
R161,2.653,3.190,182.174,0.129,375.300,5.090,0.260,0.015956,0.224209,(Shi, 2024)
R22,2.675,3.172,178.577,0.130,369.295,4.990,0.268,0.103890,0.602490,(Shi and Li, 2023)
R21,2.599,3.383,221.204,0.130,451.480,5.181,0.270,0.220710,1.439670,(Shi and Li, 2023)
R142b,2.774,3.475,195.165,0.129,410.260,4.055,0.268,0.067100,0.442700,(Shi and Li, 2023)
R141b,2.712,3.639,229.495,0.129,477.500,4.212,0.271,0.068700,0.486500,(Shi and Li, 2023)
R124,3.243,3.370,175.847,0.127,395.425,3.624,0.269,0.036700,0.397200,(Shi and Li, 2023)
R123,3.199,3.541,204.313,0.127,456.831,3.662,0.268,0.037700,0.372200,(Shi and Li, 2023)
R12,2.347,3.584,197.861,0.131,385.120,4.136,0.276,0.046950,0.633530,(Shi and Li, 2023)
R11,2.430,3.707,238.091,0.131,471.110,4.408,0.279,0.090265,0.634548,(Shi and Li, 2023)
R13,2.308,3.396,156.394,0.131,302.000,3.879,0.277,-0.026840,0.549830,(Shi, 2024)
R115,2.904,3.546,164.619,0.128,353.100,3.129,0.268,0.030000,0.657700,(Shi and Li, 2023)
R114,2.930,3.692,194.505,0.128,418.830,3.257,0.276,-0.088300,0.195200,(Shi and Li, 2023)
R113,2.958,3.818,225.325,0.128,487.210,3.392,0.280,-0.142530,0.000010,(Shi, 2024)
R14,2.341,3.109,117.008,0.131,227.510,3.750,0.279,-0.219950,0.392540,(Shi, 2024)
R116,2.969,3.335,135.308,0.128,293.030,3.048,0.282,-0.208000,-0.000030,(Shi, 2024)
R218,3.470,3.491,149.203,0.126,345.020,2.640,0.276,-0.261190,0.000020,(Shi, 2024)
RC318,3.773,3.461,162.457,0.124,388.380,2.778,0.278,-0.166360,0.000040,(Shi, 2024)
Acetic anhydride,4.522,3.316,236.913,0.125,606.000,4.020,0.235,0.035127,0.230275,(Shi, 2024)
Others
Ethylene oxide,2.495,3.116,234.201,0.133,469.000,7.220,0.255,0.067547,0.392476,(Shi, 2024)
Dimethyl sulfoxide,3.139,3.606,328.677,0.124,706.900,5.847,0.232,0.087899,0.639375,(Shi, 2024)
