A,B
[method = saturation_p_rv_rl],
T,out_pre,out_rhov,out_rhol
63.096, 12396.885671810527, 23.850656455287705, 30962.42749486764
67.55711479047999, 26570.62029584858, 48.08711097835728, 30299.488129332665
69.40496904, 35303.79688571252, 62.43181519482749, 30019.48450383186
70.8228774755083, 43423.97694016449, 75.50730319730359, 29802.290170072218
72.01822958095997, 51346.79421513789, 88.0753149791632, 29617.524355353555
73.07135592694297, 59221.754792089305, 100.4159688655695, 29453.42613042318
74.02345492065905, 67119.76042468818, 112.66562213382775, 29303.966956979482
74.89900030572205, 75079.47982121592, 124.90104620701192, 29165.567362456717
75.71393807999999, 83123.82916701544, 137.16956240919095, 29035.896183561814
76.47934437143995, 91267.1172908316, 149.5022051279611, 28913.334866873298
77.20328364138159, 99518.57053658649, 161.92026582579587, 28796.70540205116
77.89184390672705, 107884.2384499322, 174.43885965439506, 28685.11878875411
78.54975495101664, 116368.09723214133, 187.06900823351162, 28577.8845668896
79.18077812280637, 124972.72369786481, 199.81892320593923, 28474.45378701982
79.7879631090459, 133699.72485385984, 212.69483219105066, 28374.38145216431
80.37382328904856, 142550.02141880777, 225.70152946320025, 28277.300874987028
80.94045916191993, 151524.04043293078, 238.8427541343563, 28182.90563275378
81.48964748915417, 160621.84932393904, 252.1214564717112, 28090.93653780732
82.02290712, 169843.25116517823, 265.5399895163919, 28001.17201846244
82.54154854723687, 179187.853560124, 279.10024954698605, 27913.420879067628
83.04671185388594, 188655.1192118607, 292.8037807329274, 27827.516757383608
83.53939621126158, 198244.4035310791, 306.6518542314299, 27743.31381697354
84.0204831196487, 207954.98291732997, 320.6455287318255, 27660.68335411238
84.49075494130051, 217786.0762293786, 334.78569732565126, 27579.511092595953
84.9509098413181, 227736.86121636696, 349.07312416035296, 27499.69500334049
85.40157395239991, 237806.48717678955, 363.5084733662873, 27421.143529483543
85.84331136903482, 247994.08476416784, 378.0923320754169, 27343.774128471014
86.27663242652494, 258298.77361421453, 392.82522887694995, 27267.512064577826
86.7020006114441, 268719.6682947484, 407.7076487169525, 27192.28940121529
87.11983837028001, 279255.88295462285, 422.7400450039665, 27118.044154052786
87.5305320236582, 289906.53495681525, 437.92284950302314, 27044.7195746576
87.93443594892837, 300670.7477135797, 453.25648046710995, 26972.263540877764
88.33187616000001, 311547.65289164655, 468.7413493554837, 26900.62803514555
88.72315338730962, 322536.39211776527, 484.3778664125679, 26829.768695679977
89.10854574067164, 333636.11828646983, 500.1664453236871, 26759.64442850651
89.48831102204531, 344845.9965500988, 516.1075071194368, 26690.217070509996
89.8626887428799, 356165.2050543905, 532.2014834662004, 26621.45109554217
90.23190189089082, 367592.9354699578, 548.4488194534489, 26553.31335703911
90.59615848328681, 379128.39335978625, 564.8499759673108, 26485.772861746085
90.95565293717297, 390770.7984149765, 581.4054317232703, 26418.80057006898
91.31056728276317, 402519.3845846483, 598.1156850175129, 26352.369219311106
91.66107224089254, 414373.4001209394, 614.981255245815, 26286.45316666277
92.00732818293288, 426332.1075560573, 632.0026842303073, 26221.02824930248
92.34948598842689, 438394.7836251961, 649.1805373875994, 26156.071659377045
92.68768781345409, 450560.7191464952, 666.5154047659969, 26091.561831962754
93.02206778082892, 462829.21886724036, 684.0079019751321, 26027.478344390118
93.35275260163598, 475199.6012837661, 701.658671027463, 25963.801825545554
93.67986213627123, 487671.198441178, 719.468381108047, 25900.513873960426
94.00350990203327, 500243.3557179411, 737.4377292865314, 25837.596983659852
94.32380353335988, 512915.43159939384, 755.5674411830701, 25775.034476883386
94.6408452, 525686.7974435829, 773.8582715982603, 25712.810442906477
94.95473198772673, 538556.8372421544, 792.3110051156871, 25650.909682291578
95.26555624561274, 551524.9473785626, 810.9264566844853, 25589.317655982417
95.5734059033889, 564590.5363853923, 829.7054721882599, 25528.0204387289
95.87836476197714, 577753.0247023408, 848.6489290060084, 25467.004676391432
96.18051275991773, 591011.8444359974, 867.7577365697863, 25406.2575467286
96.47992621809183, 604366.4391224541, 887.0328369234882, 25345.76672331803
96.77667806486143, 617816.263493463, 906.4752052864139, 25285.520342300595
97.07083804350916, 631360.783246818, 926.0858506250897, 25225.506971673898
97.36247290364906, 644999.4748213631, 945.86581623624, 25165.71558289066
97.65164657809711, 658731.8251770751, 965.8161803437692, 25106.13552454517
97.93842034652866, 672557.3315804339, 985.938056712153, 25046.756497953047
98.22285298710993, 686475.5013953189, 1006.2325952786089, 24987.568534452155
98.50500091716614, 700485.8518795671, 1026.7009828061907, 24928.561974267635
98.78491832383986, 714587.909987243, 1047.3444435597646, 24869.72744680278
99.0626572855965, 728781.2121767149, 1068.164240006889, 24811.055852229216
99.33826788534888, 743065.304224523, 1089.161673545396, 24752.538344263747
99.61179831589652, 757439.7410449976, 1110.3380852594305, 24694.16631402892
99.88329497830833, 771904.0865156383, 1131.6948567058053, 24635.931374905515
100.1528025738178, 786457.9133081518, 1153.2334107323202, 24577.825348292394
100.42036418974538, 801100.8027250763, 1174.9552123297995, 24519.840250197652
100.6860213799166, 815832.344541945, 1196.861769519638, 24461.968278592183
100.94981424, 830652.1368548374, 1218.9546342785238, 24404.201801461415
101.2117814781524, 845559.7859332915, 1241.2354035022643, 24346.533345498676
101.47196048132352, 860554.9060783704, 1263.705720010352, 24288.95558538644
101.73038737754159, 875637.1194859147, 1286.367273593426, 24231.461333617404
101.98709709447374, 890806.0561147159, 1309.221802105283, 24174.043530810846
102.24212341453011, 906061.3535596462, 1332.2710926017305, 24116.695236483403
102.49549902675747, 921402.6569295266, 1355.5169825281794, 24059.40962023614
102.74725557574818, 936829.6187296945, 1378.9613609583039, 24002.179953323335
102.9974237077719, 952341.8987491431, 1402.606169886015, 23944.999600570685
103.24603311431984, 967939.1639521074, 1426.4534055731162, 23887.86201261267
103.49311257323745, 983621.0883740517, 1450.505119955265, 23830.760718420905
103.73868998760611, 999387.353021906, 1474.7634221087983, 23773.689318098168
103.98279242252316, 1.015237645778487e6, 1499.2304797812587, 23716.641475912882
104.22544613991704, 1.0311716613110208e6, 1523.908520988597, 23659.610913551547
104.4666766315246, 1.0471891009836551e6, 1548.7998356820995, 23602.591403567512
104.70650865014768, 1.063289672773899e6, 1573.906777488367, 23545.57676300561
104.94496623929741, 1.0794730911929356e6, 1599.2317655258714, 23488.56084718366
105.1820727613268, 1.0957390772096626e6, 1624.7772863016164, 23431.537543612132
105.41785092414477, 1.112087358178479e6, 1650.5458956919708, 23374.500766034784
105.652322806598, 1.128517667770676e6, 1676.5402210116567, 23317.44444857318
105.88550988260104, 1.1450297459094503e6, 1702.762963175406, 23260.362539959588
106.11743304408921, 1.1616233387084114e6, 1729.216898956804, 23203.24899784188
106.34811262286377, 1.1782981984135804e6, 1755.904883349337, 23146.09778314598
106.57756841139391, 1.1950540833487944e6, 1782.8298520348071, 23088.902854481003
106.80581968263618, 1.2118907578645383e6, 1809.9948239648054, 23031.65816257217
107.03288520892677, 1.2288079922900843e6, 1837.4029040610224, 22974.357644708292
107.25878327999999, 1.2458055628889685e6, 1865.0572860408022, 22916.995219188826
107.48353172018113, 1.26288325181776e6, 1892.9612553746397, 22859.564779757264
107.70714790479983, 1.2800408470880773e6, 1921.118192382737, 22802.060190006712
107.92964877586661, 1.2972781425318802e6, 1949.531575478329, 22744.475277743444
108.1510508570527, 1.3145949377699615e6, 1978.204984565817, 22686.80382929518
108.37137026801045, 1.3319910381836926e6, 2007.1421046025093, 22629.03958374883
108.59062273806964, 1.3494662548899772e6, 2036.3467293332014, 22571.17622710399
108.80882361934255, 1.3670204047194333e6, 2065.822765207528, 22513.207386327427
109.02598789926861, 1.3846533101977827e6, 2095.5742354906893, 22455.12662329245
109.24213021262781, 1.402364799530543e6, 2125.6052845790673, 22396.927428589122
109.4572648530499, 1.4201547065909014e6, 2155.9201825326277, 22338.603215187202
109.67140578404529, 1.438022870910934e6, 2186.5233298374706, 22280.147311936842
109.88456664958139, 1.4559691376761063e6, 2217.419262412335, 22221.552956888274
110.09676078422729, 1.473993357723145e6, 2248.6126568741984, 22162.8132904128
110.30800122288821, 1.4920953875412836e6, 2280.1083360790467, 22103.921348105618
110.51830071014939, 1.5102750892769638e6, 2311.9112749552733, 22044.870053450235
110.72767170924904, 1.5285323307420302e6, 2344.0266066483237, 21985.652210223474
110.93612641069748, 1.5468669854254678e6, 2376.4596289967144, 21926.26049461818
111.14367674056004, 1.5652789325088398e6, 2409.215811361293, 21866.687447059787
111.35033436841911, 1.5837680568853272e6, 2442.300801830753, 21806.9254636914
111.5561107150307, 1.6023342491827055e6, 2475.720434829226, 21746.96678750019
111.76101695968956, 1.6209774057900968e6, 2509.4807391526683, 21686.80349905633
111.96506404731639, 1.6396974288888185e6, 2543.5879464640702, 21626.427506833377
112.16826269527981, 1.6584942264873262e6, 2578.048500279184, 21565.83053707693
112.37062339996511, 1.6773677124604173e6, 2612.8690654775273, 21505.00412318627
112.57215644310125, 1.6963178065928435e6, 2648.056538376259, 21443.93959457042
112.77287189785673, 1.715344434627475e6, 2683.6180574077307, 21382.628064937417
112.97277963471487, 1.7344475283181972e6, 2719.5610144451507, 21321.060419972484
113.17188932713773, 1.7536270254877014e6, 2755.8930668245707, 21259.227304357282
113.37021045702842, 1.772882870090463e6, 2792.6221501160785, 21197.119108077317
113.56775232000001, 1.7922150122809212e6, 2829.7564917010527, 21134.725951962646
113.76452403045963, 1.8116234084873875e6, 2867.3046252189365, 21072.037672399496
113.96053452651566, 1.8311080214916845e6, 2905.275405951322, 21009.043805146994
114.1557925747152, 1.8506688205149488e6, 2943.678027218828, 20945.733568186904
114.35030677461927, 1.8703057813098747e6, 2982.5220378728222, 20882.095843527128
114.5440855632221, 1.890018886259697e6, 3021.81736097221, 20818.119157873523
114.73713721922147, 1.909808124484359e6, 3061.574313744547, 20753.791662076288
114.92946986714568, 1.929673491954188e6, 3101.8036289405118, 20689.101109247717
115.1210914813433, 1.9496149916116032e6, 3142.516477702131, 20624.03483143951
115.31200988984105, 1.9696326335012296e6, 3183.724494077279, 20558.57971475608
115.50223277807532, 1.989726434909099e6, 3225.43980132754, 20492.722172768033
115.69176769250218, 2.009896420511378e6, 3267.675040191534, 20426.44811807734
115.88062204409061, 2.030142622533323e6, 3310.443399284009, 20359.74293186947
116.0688031117038, 2.050465080919201e6, 3353.758647830867, 20292.591431271598
116.25631804537267, 2.0708638435138692e6, 3397.6351709625533, 20224.977834316673
116.4431738694658, 2.0913389662569847e6, 3442.0880078143173, 20156.885722291627
116.62937748575979, 2.111890513390635e6, 3487.132892710012, 20088.29799922424
116.81493567641388, 2.132518557681612e6, 3532.7862997400493, 20019.19684823668
116.99985510685235, 2.153223180659393e6, 3579.0654910807666, 19949.563684461504
117.18414232855821, 2.1740044728711415e6, 3625.988569445884, 19879.37910418366
117.36780378178166, 2.1948625341552123e6, 3673.574535109653, 19808.6228298313
117.55084579816611, 2.2157974739347664e6, 3721.8433479978053, 19737.27365039447
117.73327460329521, 2.2368094115333296e6, 3770.8159954071693, 19665.30935680015
117.91509631916352, 2.257898476514298e6, 3820.5145659896816, 19592.70667171469
118.09631696657362, 2.2790648090467644e6, 3870.9623307235447, 19519.441173178195
118.2769424674625, 2.3003085603002645e6, 3922.1838316945696, 19445.48721140006
118.45697864715947, 2.321629892871314e6, 3974.2049796276847, 19370.8178179581
118.63643123657832, 2.343028981245238e6, 4027.053161246175, 19295.404606541295
118.81530587434597, 2.3645060122970035e6, 4080.7573576954283, 19219.21766426095
118.9936081088696, 2.386061185835509e6, 4135.348275457375, 19142.225432415926
119.17134340034488, 2.407694715196354e6, 4190.858491403445, 19064.39457543856
119.348517122707, 2.429406827888814e6, 4247.322613897466, 18985.68983655584
119.52513456552636, 2.4511977663036888e6, 4304.777462172709, 18906.073878474708
119.70120093585147, 2.4730677884898996e6, 4363.262266581806, 18825.50710712576
119.87672136, 2.4950171690084017e6, 4422.81889276397, 18743.947476171154
120.05170088530032, 2.5170461998741543e6, 4483.492093316073, 18661.350269574523
120.22614448178507, 2.5391551915979823e6, 4545.329791203948, 18577.667859031095
120.40005704383833, 2.5613444743423504e6, 4608.383399943714, 18492.84943242949
120.57344339179778, 2.5836143992076167e6, 4672.708186552416, 18406.840688725002
120.74630827351365, 2.6059653396675717e6, 4738.363684454064, 18319.583493596707
120.91865636586576, 2.6283976931767757e6, 4805.41416499866, 18231.015488964564
121.09049227623977, 2.6509118829754232e6, 4873.929178074248, 18141.069647761473
121.26182054396443, 2.673508360122036e6, 4943.984174574366, 18049.673763161725
121.43264564171061, 2.6961876057887757e6, 5015.661226352368, 17956.74985858598
121.60297197685378, 2.718950133859978e6, 5089.049862932335, 17862.213501002403
121.77280389280071, 2.741796493880487e6, 5164.248048889638, 17765.972995010423
121.94214567028185, 2.7647272744070827e6, 5241.363331788581, 17667.928428510513
122.11100152861025, 2.787743106824133e6, 5320.51419832284, 17567.970531869112
122.27937562690818, 2.8108446696926313e6, 5401.83168646252, 17465.97930062731
122.44727206530243, 2.834032693710817e6, 5485.461314852288, 17361.82231595489
122.61469488608927, 2.8573079673745045e6, 5571.565408677873, 17255.352675817925
122.78164807486996, 2.8806713434361885e6, 5660.325925530631, 17146.406421269516
122.94813556165784, 2.904123746275048e6, 5751.9479181104225, 17034.799303635875
123.11416122195769, 2.9276661803055964e6, 5846.663816875984, 16920.322685665535
123.27972887781834, 2.9512997395743895e6, 5944.738781005801, 16802.738296977626
123.44484229885927, 2.9750256187245045e6, 6046.477459592152, 16681.77146223578
123.60950520327197, 2.9988451255541374e6, 6152.232641617983, 16557.10227491703
123.77372125879698, 3.022759695468939e6, 6262.4164768582, 16428.353976792783
123.937494083677, 3.0467709082458755e6, 6377.515260134416, 16295.077483911842
124.10082724758706, 3.0708805077187484e6, 6498.1092563139655, 16156.73050623974
124.26372427254246, 3.095090425311975e6, 6624.899823263557, 16012.648920032143
124.42618863378475, 3.119402808874749e6, 6758.747385114546, 15862.00674908847
124.58822376064683, 3.143820059156194e6, 6900.726040626143, 15703.758871994813
124.7498330373976, 3.1683448777980674e6, 7052.204609245365, 15536.556552763075
124.91101980406654, 3.192980333466013e6, 7214.971526055288, 15358.618298204188
125.07178735724926, 3.2177299578534043e6, 7391.436311182061, 15167.523294567003
125.23213895089408, 3.242597893329106e6, 7584.97354958636, 14959.861660811112
125.39207779707047, 3.2675891350311553e6, 7800.554402539638, 14730.597190758815
125.55160706671975, 3.292709957890031e6, 8046.023378886625, 14471.786784134238
125.71072989038868, 3.317968770398182e6, 8335.055678432342, 14169.619994334045
125.86944935894613, 3.3433778944586604e6, 8695.580826791647, 13795.994744745569
126.0277685242836, 3.368958615954393e6, 9204.83220427401, 13273.08987587899
126.1856904, 3.394761963995563e6, 10596.63272322005, 11819.666367212645