C,D
[method = saturation_rhol],
T,out_rhol
63.096,30962.42749486764
80.22117670472785,28302.64550106224
84.67237061345594,27548.055505857632
87.79477874383218,26997.35549837875
90.28052351622631,26544.31630133952
92.37964024767274,26150.332293370302
94.21451124605022,25796.41599141973
95.85528452896122,25471.632894114693
97.34635340945572,25169.028132686537
98.71780303040973,24883.86109928294
99.99107476559159,24612.729864002442
101.1820520387962,24353.093165908274
102.30286736028901,24102.989889711942
103.36302201917405,23860.864830501443
104.3701121575337,23625.455385269117
105.33031756424273,23395.71499149831
106.24874122691189,23170.759675569247
107.129651597636,22949.829648904113
107.9766594732222,22732.260990670457
108.79284975355046,22517.464255627525
109.58088133461399,22304.90792880488
110.34306403547245,22094.10532085206
111.08141867107088,21884.603925814765
111.79772455469879,21675.976541011187
112.49355748766439,21467.81363151366
113.17032045465402,21259.71654225535
113.82926865853776,21051.29123882712
114.47153011418357,20842.142305629448
115.0981227229986,20631.866954209094
115.7099685327787,20420.048798921518
116.30790572713417,20206.251142435725
116.89269876901588,19990.009478529624
117.4650470324526,19770.82285995593
118.0255921876594,19548.143687281834
118.5749245515986,19321.36533786825
119.11358857486174,19089.80685157645
119.6420876034764,18852.69358517044
120.1608880287924,18609.132273478914
120.67042291838156,18358.07815625134
121.17109520471274,18098.290450519402
121.66328049534548,17828.269805429496
122.1473295578433,17546.165967744855
122.62357052402277,17249.632363684384
123.09231085112347,16935.579322791073
123.55383907170065,16599.722855115295
124.00842635925571,16235.701113049483
124.45632793264703,15833.214400760964
124.89778431900552,15373.704954868734
125.33302249210045,14818.252835811258
125.76225690076302,14058.36666802866
126.1856904,11819.248994042933