E,F
[method = saturation_rhov],
T,out_rhov
218.97230399999998,344.76931848898437
220.672380638,369.2379010707274
222.37245727599998,395.0443212150558
224.072533914,422.24454208946867
225.77261055199997,450.89697336435455
227.47268719,481.0626729883968
229.17276382799997,512.8055707242064
230.87284046599999,546.1927161252135
232.572917104,581.294554055868
234.27299374199998,618.1852313543923
235.97307038,656.9429388267258
237.67314701799998,697.6502934613549
239.373223656,740.3947665925638
241.073300294,785.2691647447184
242.773376932,832.3721711019768
244.47345357,881.8089570154702
246.173530208,933.6918747465671
247.873606846,988.14124483165
249.573683484,1045.2862541451886
251.273760122,1105.2659840703816
252.97383676,1168.2305923390263
254.673913398,1234.3426773112367
256.373990036,1303.7788600466686
258.074066674,1376.7316278973667
259.774143312,1453.4114941059083
261.47421995,1534.0495418151886
263.174296588,1618.9004390916098
264.874373226,1708.2460355822739
266.57444986400003,1802.3996834785173
268.274526502,1901.7114687336277
269.97460314,2006.574597658642
271.67467977800004,2117.433266065779
273.374756416,2234.792453614231
275.074833054,2359.2302512786687
276.774909692,2491.413570717912
278.47498633000004,2632.1184424959233
280.175062968,2782.256654825574
281.875139606,2942.911333970951
283.575216244,3115.3854301045167
285.27529288200003,3301.269329514349
286.97536952,3502.537692550318
288.675446158,3721.6925714029685
290.37552279600004,3961.9829748821953
292.075599434,4227.7573106870905
293.775676072,4525.061776485027
295.47575271000005,4862.732084363623
297.17582934800004,5254.584809545755
298.875905986,5724.448433302287
300.575982624,6320.324155611572
302.27605926200005,7171.601739642617
303.97613590000003,9248.325354782426